family_code,family_name,category_code,launch_year,is_active,lifecycle_status,created_at,source_system
IPH2025,iPhone 2025,IPH,2025,Y,ACTIVE,2026-02-05 17:51:36.475417,PLM_CORE
IPD2025,iPad 2025,IPD,2025,Y,ACTIVE,2026-02-05 17:51:36.475446,PLM_CORE
MAC2025,Mac 2025,MAC,2025,Y,ACTIVE,2026-02-05 17:51:36.475464,PLM_CORE
WCH2025,Apple Watch 2025,WCH,2025,Y,ACTIVE,2026-02-05 17:51:36.475483,PLM_CORE
AIR2025,AirPods 2025,AIR,2025,Y,ACTIVE,2026-02-05 17:51:36.475487,PLM_CORE
TV2025,Apple TV 2025,TV,2025,Y,ACTIVE,2026-02-05 17:51:36.475491,PLM_CORE
HMP2025,HomePod 2025,HMP,2025,Y,ACTIVE,2026-02-05 17:51:36.475494,PLM_CORE
DSP2025,Displays 2025,DSP,2025,Y,ACTIVE,2026-02-05 17:51:36.475497,PLM_CORE
ACC2025,Accessories 2025,ACC,2025,Y,ACTIVE,2026-02-05 17:51:36.475502,PLM_CORE
