sku_code,country_code,local_launch_date,local_discontinue_date,is_available,created_at,source_system
IPH202501-128-BLA,US,2025-09-12,,Y,2026-02-05 17:51:36.477034,MDM_PRODUCT
IPH202501-128-BLA,DE,2025-09-19,,Y,2026-02-05 17:51:36.477369,MDM_PRODUCT
IPH202501-128-BLA,JP,2025-09-15,,Y,2026-02-05 17:51:36.477377,MDM_PRODUCT
IPH202501-128-BLA,IN,2025-09-22,,Y,2026-02-05 17:51:36.477385,MDM_PRODUCT
IPH202501-128-BLA,UK,2025-09-16,,Y,2026-02-05 17:51:36.477390,MDM_PRODUCT
IPH202501-128-BLA,CA,2025-09-13,,Y,2026-02-05 17:51:36.477394,MDM_PRODUCT
IPH202501-128-BLA,AU,2025-09-14,,Y,2026-02-05 17:51:36.477399,MDM_PRODUCT
IPH202501-128-SIL,US,2025-09-12,,Y,2026-02-05 17:51:36.477459,MDM_PRODUCT
IPH202501-128-SIL,DE,2025-09-19,,Y,2026-02-05 17:51:36.477464,MDM_PRODUCT
IPH202501-128-SIL,JP,2025-09-14,,Y,2026-02-05 17:51:36.477469,MDM_PRODUCT
IPH202501-128-SIL,IN,2025-09-22,,Y,2026-02-05 17:51:36.477473,MDM_PRODUCT
IPH202501-128-SIL,UK,2025-09-19,,Y,2026-02-05 17:51:36.477477,MDM_PRODUCT
IPH202501-128-SIL,CA,2025-09-16,,Y,2026-02-05 17:51:36.477481,MDM_PRODUCT
IPH202501-128-SIL,AU,2025-09-19,,Y,2026-02-05 17:51:36.477485,MDM_PRODUCT
IPH202501-128-BLU,US,2025-09-12,,Y,2026-02-05 17:51:36.477523,MDM_PRODUCT
IPH202501-128-BLU,DE,2025-09-19,,Y,2026-02-05 17:51:36.477528,MDM_PRODUCT
IPH202501-128-BLU,JP,2025-09-15,,Y,2026-02-05 17:51:36.477533,MDM_PRODUCT
IPH202501-128-BLU,IN,2025-09-19,,Y,2026-02-05 17:51:36.477537,MDM_PRODUCT
IPH202501-128-BLU,UK,2025-09-16,,Y,2026-02-05 17:51:36.477541,MDM_PRODUCT
IPH202501-128-BLU,CA,2025-09-14,,Y,2026-02-05 17:51:36.477545,MDM_PRODUCT
IPH202501-128-BLU,AU,2025-09-16,,Y,2026-02-05 17:51:36.477549,MDM_PRODUCT
IPH202501-128-GOL,US,2025-09-12,,Y,2026-02-05 17:51:36.477577,MDM_PRODUCT
IPH202501-128-GOL,DE,2025-09-14,,Y,2026-02-05 17:51:36.477583,MDM_PRODUCT
IPH202501-128-GOL,JP,2025-09-17,,Y,2026-02-05 17:51:36.477587,MDM_PRODUCT
IPH202501-128-GOL,IN,2025-09-20,,Y,2026-02-05 17:51:36.477591,MDM_PRODUCT
IPH202501-128-GOL,UK,2025-09-19,,Y,2026-02-05 17:51:36.477595,MDM_PRODUCT
IPH202501-128-GOL,CA,2025-09-19,,Y,2026-02-05 17:51:36.477599,MDM_PRODUCT
IPH202501-128-GOL,AU,2025-09-17,,Y,2026-02-05 17:51:36.477603,MDM_PRODUCT
IPH202501-128-SPA,US,2025-09-12,,Y,2026-02-05 17:51:36.477631,MDM_PRODUCT
IPH202501-128-SPA,DE,2025-09-16,,Y,2026-02-05 17:51:36.477636,MDM_PRODUCT
IPH202501-128-SPA,JP,2025-09-14,,Y,2026-02-05 17:51:36.477640,MDM_PRODUCT
IPH202501-128-SPA,IN,2025-09-22,,Y,2026-02-05 17:51:36.477644,MDM_PRODUCT
IPH202501-128-SPA,UK,2025-09-13,,Y,2026-02-05 17:51:36.477648,MDM_PRODUCT
IPH202501-128-SPA,CA,2025-09-14,,Y,2026-02-05 17:51:36.477652,MDM_PRODUCT
IPH202501-128-SPA,AU,2025-09-16,,Y,2026-02-05 17:51:36.477656,MDM_PRODUCT
IPH202501-256-BLA,US,2025-09-12,,Y,2026-02-05 17:51:36.477681,MDM_PRODUCT
IPH202501-256-BLA,DE,2025-09-16,,Y,2026-02-05 17:51:36.477685,MDM_PRODUCT
IPH202501-256-BLA,JP,2025-09-14,,Y,2026-02-05 17:51:36.477689,MDM_PRODUCT
IPH202501-256-BLA,IN,2025-09-26,,Y,2026-02-05 17:51:36.477693,MDM_PRODUCT
IPH202501-256-BLA,UK,2025-09-19,,Y,2026-02-05 17:51:36.477697,MDM_PRODUCT
IPH202501-256-BLA,CA,2025-09-16,,Y,2026-02-05 17:51:36.477701,MDM_PRODUCT
IPH202501-256-BLA,AU,2025-09-14,,Y,2026-02-05 17:51:36.477707,MDM_PRODUCT
IPH202501-256-SIL,US,2025-09-12,,Y,2026-02-05 17:51:36.477763,MDM_PRODUCT
IPH202501-256-SIL,DE,2025-09-15,,Y,2026-02-05 17:51:36.477775,MDM_PRODUCT
IPH202501-256-SIL,JP,2025-09-14,,Y,2026-02-05 17:51:36.477780,MDM_PRODUCT
IPH202501-256-SIL,IN,2025-09-21,,Y,2026-02-05 17:51:36.477785,MDM_PRODUCT
IPH202501-256-SIL,UK,2025-09-15,,Y,2026-02-05 17:51:36.477789,MDM_PRODUCT
IPH202501-256-SIL,CA,2025-09-13,,Y,2026-02-05 17:51:36.477794,MDM_PRODUCT
IPH202501-256-SIL,AU,2025-09-14,,Y,2026-02-05 17:51:36.477798,MDM_PRODUCT
IPH202501-256-BLU,US,2025-09-12,,Y,2026-02-05 17:51:36.477841,MDM_PRODUCT
IPH202501-256-BLU,DE,2025-09-18,,Y,2026-02-05 17:51:36.477847,MDM_PRODUCT
IPH202501-256-BLU,JP,2025-09-19,,Y,2026-02-05 17:51:36.477851,MDM_PRODUCT
IPH202501-256-BLU,IN,2025-09-21,,Y,2026-02-05 17:51:36.477856,MDM_PRODUCT
IPH202501-256-BLU,UK,2025-09-17,,Y,2026-02-05 17:51:36.477860,MDM_PRODUCT
IPH202501-256-BLU,CA,2025-09-15,,Y,2026-02-05 17:51:36.477864,MDM_PRODUCT
IPH202501-256-BLU,AU,2025-09-18,,Y,2026-02-05 17:51:36.477869,MDM_PRODUCT
IPH202501-256-GOL,US,2025-09-12,,Y,2026-02-05 17:51:36.477899,MDM_PRODUCT
IPH202501-256-GOL,DE,2025-09-18,,Y,2026-02-05 17:51:36.477905,MDM_PRODUCT
IPH202501-256-GOL,JP,2025-09-14,,Y,2026-02-05 17:51:36.477909,MDM_PRODUCT
IPH202501-256-GOL,IN,2025-09-26,,Y,2026-02-05 17:51:36.477913,MDM_PRODUCT
IPH202501-256-GOL,UK,2025-09-16,,Y,2026-02-05 17:51:36.477917,MDM_PRODUCT
IPH202501-256-GOL,CA,2025-09-14,,Y,2026-02-05 17:51:36.477922,MDM_PRODUCT
IPH202501-256-GOL,AU,2025-09-15,,Y,2026-02-05 17:51:36.477926,MDM_PRODUCT
IPH202501-256-SPA,US,2025-09-12,,Y,2026-02-05 17:51:36.477953,MDM_PRODUCT
IPH202501-256-SPA,DE,2025-09-16,,Y,2026-02-05 17:51:36.477958,MDM_PRODUCT
IPH202501-256-SPA,JP,2025-09-18,,Y,2026-02-05 17:51:36.477963,MDM_PRODUCT
IPH202501-256-SPA,IN,2025-09-22,,Y,2026-02-05 17:51:36.477967,MDM_PRODUCT
IPH202501-256-SPA,UK,2025-09-18,,Y,2026-02-05 17:51:36.477971,MDM_PRODUCT
IPH202501-256-SPA,CA,2025-09-17,,Y,2026-02-05 17:51:36.477975,MDM_PRODUCT
IPH202501-256-SPA,AU,2025-09-14,,Y,2026-02-05 17:51:36.477979,MDM_PRODUCT
IPH202501-512-BLA,US,2025-09-12,,Y,2026-02-05 17:51:36.478003,MDM_PRODUCT
IPH202501-512-BLA,DE,2025-09-13,,Y,2026-02-05 17:51:36.478008,MDM_PRODUCT
IPH202501-512-BLA,JP,2025-09-14,,Y,2026-02-05 17:51:36.478012,MDM_PRODUCT
IPH202501-512-BLA,IN,2025-09-20,,Y,2026-02-05 17:51:36.478016,MDM_PRODUCT
IPH202501-512-BLA,UK,2025-09-14,,Y,2026-02-05 17:51:36.478020,MDM_PRODUCT
IPH202501-512-BLA,CA,2025-09-19,,Y,2026-02-05 17:51:36.478024,MDM_PRODUCT
IPH202501-512-BLA,AU,2025-09-15,,Y,2026-02-05 17:51:36.478028,MDM_PRODUCT
IPH202501-512-SIL,US,2025-09-12,,Y,2026-02-05 17:51:36.478056,MDM_PRODUCT
IPH202501-512-SIL,DE,2025-09-16,,Y,2026-02-05 17:51:36.478061,MDM_PRODUCT
IPH202501-512-SIL,JP,2025-09-14,,Y,2026-02-05 17:51:36.478065,MDM_PRODUCT
IPH202501-512-SIL,IN,2025-09-25,,Y,2026-02-05 17:51:36.478069,MDM_PRODUCT
IPH202501-512-SIL,UK,2025-09-14,,Y,2026-02-05 17:51:36.478077,MDM_PRODUCT
IPH202501-512-SIL,CA,2025-09-13,,Y,2026-02-05 17:51:36.478081,MDM_PRODUCT
IPH202501-512-SIL,AU,2025-09-14,,Y,2026-02-05 17:51:36.478085,MDM_PRODUCT
IPH202501-512-BLU,US,2025-09-12,,Y,2026-02-05 17:51:36.478109,MDM_PRODUCT
IPH202501-512-BLU,DE,2025-09-19,,Y,2026-02-05 17:51:36.478114,MDM_PRODUCT
IPH202501-512-BLU,JP,2025-09-18,,Y,2026-02-05 17:51:36.478118,MDM_PRODUCT
IPH202501-512-BLU,IN,2025-09-24,,Y,2026-02-05 17:51:36.478122,MDM_PRODUCT
IPH202501-512-BLU,UK,2025-09-16,,Y,2026-02-05 17:51:36.478126,MDM_PRODUCT
IPH202501-512-BLU,CA,2025-09-13,,Y,2026-02-05 17:51:36.478130,MDM_PRODUCT
IPH202501-512-BLU,AU,2025-09-17,,Y,2026-02-05 17:51:36.478133,MDM_PRODUCT
IPH202501-512-GOL,US,2025-09-12,,Y,2026-02-05 17:51:36.478155,MDM_PRODUCT
IPH202501-512-GOL,DE,2025-09-19,,Y,2026-02-05 17:51:36.478159,MDM_PRODUCT
IPH202501-512-GOL,JP,2025-09-13,,Y,2026-02-05 17:51:36.478163,MDM_PRODUCT
IPH202501-512-GOL,IN,2025-09-22,,Y,2026-02-05 17:51:36.478167,MDM_PRODUCT
IPH202501-512-GOL,UK,2025-09-13,,Y,2026-02-05 17:51:36.478170,MDM_PRODUCT
IPH202501-512-GOL,CA,2025-09-13,,Y,2026-02-05 17:51:36.478174,MDM_PRODUCT
IPH202501-512-GOL,AU,2025-09-19,,Y,2026-02-05 17:51:36.478178,MDM_PRODUCT
IPH202501-512-SPA,US,2025-09-12,,Y,2026-02-05 17:51:36.478198,MDM_PRODUCT
IPH202501-512-SPA,DE,2025-09-16,,Y,2026-02-05 17:51:36.478202,MDM_PRODUCT
IPH202501-512-SPA,JP,2025-09-14,,Y,2026-02-05 17:51:36.478206,MDM_PRODUCT
IPH202501-512-SPA,IN,2025-09-20,,Y,2026-02-05 17:51:36.478210,MDM_PRODUCT
IPH202501-512-SPA,UK,2025-09-15,,Y,2026-02-05 17:51:36.478213,MDM_PRODUCT
IPH202501-512-SPA,CA,2025-09-17,,Y,2026-02-05 17:51:36.478217,MDM_PRODUCT
IPH202501-512-SPA,AU,2025-09-17,,Y,2026-02-05 17:51:36.478221,MDM_PRODUCT
IPD202501-128-BLA,US,2025-10-07,,Y,2026-02-05 17:51:36.478241,MDM_PRODUCT
IPD202501-128-BLA,DE,2025-10-08,,Y,2026-02-05 17:51:36.478245,MDM_PRODUCT
IPD202501-128-BLA,JP,2025-10-09,,Y,2026-02-05 17:51:36.478249,MDM_PRODUCT
IPD202501-128-BLA,IN,2025-10-17,,Y,2026-02-05 17:51:36.478252,MDM_PRODUCT
IPD202501-128-BLA,UK,2025-10-08,,Y,2026-02-05 17:51:36.478256,MDM_PRODUCT
IPD202501-128-BLA,CA,2025-10-13,,Y,2026-02-05 17:51:36.478260,MDM_PRODUCT
IPD202501-128-BLA,AU,2025-10-11,,Y,2026-02-05 17:51:36.478264,MDM_PRODUCT
IPD202501-128-SIL,US,2025-10-07,,Y,2026-02-05 17:51:36.478283,MDM_PRODUCT
IPD202501-128-SIL,DE,2025-10-12,,Y,2026-02-05 17:51:36.478288,MDM_PRODUCT
IPD202501-128-SIL,JP,2025-10-12,,Y,2026-02-05 17:51:36.478291,MDM_PRODUCT
IPD202501-128-SIL,IN,2025-10-19,,Y,2026-02-05 17:51:36.478295,MDM_PRODUCT
IPD202501-128-SIL,UK,2025-10-09,,Y,2026-02-05 17:51:36.478299,MDM_PRODUCT
IPD202501-128-SIL,CA,2025-10-13,,Y,2026-02-05 17:51:36.478303,MDM_PRODUCT
IPD202501-128-SIL,AU,2025-10-14,,Y,2026-02-05 17:51:36.478306,MDM_PRODUCT
IPD202501-128-BLU,US,2025-10-07,,Y,2026-02-05 17:51:36.478326,MDM_PRODUCT
IPD202501-128-BLU,DE,2025-10-11,,Y,2026-02-05 17:51:36.478330,MDM_PRODUCT
IPD202501-128-BLU,JP,2025-10-09,,Y,2026-02-05 17:51:36.478334,MDM_PRODUCT
IPD202501-128-BLU,IN,2025-10-19,,Y,2026-02-05 17:51:36.478338,MDM_PRODUCT
IPD202501-128-BLU,UK,2025-10-14,,Y,2026-02-05 17:51:36.478342,MDM_PRODUCT
IPD202501-128-BLU,CA,2025-10-14,,Y,2026-02-05 17:51:36.478345,MDM_PRODUCT
IPD202501-128-BLU,AU,2025-10-10,,Y,2026-02-05 17:51:36.478349,MDM_PRODUCT
IPD202501-128-GOL,US,2025-10-07,,Y,2026-02-05 17:51:36.478369,MDM_PRODUCT
IPD202501-128-GOL,DE,2025-10-12,,Y,2026-02-05 17:51:36.478373,MDM_PRODUCT
IPD202501-128-GOL,JP,2025-10-09,,Y,2026-02-05 17:51:36.478376,MDM_PRODUCT
IPD202501-128-GOL,IN,2025-10-21,,Y,2026-02-05 17:51:36.478380,MDM_PRODUCT
IPD202501-128-GOL,UK,2025-10-10,,Y,2026-02-05 17:51:36.478384,MDM_PRODUCT
IPD202501-128-GOL,CA,2025-10-08,,Y,2026-02-05 17:51:36.478388,MDM_PRODUCT
IPD202501-128-GOL,AU,2025-10-13,,Y,2026-02-05 17:51:36.478392,MDM_PRODUCT
IPD202501-128-SPA,US,2025-10-07,,Y,2026-02-05 17:51:36.478411,MDM_PRODUCT
IPD202501-128-SPA,DE,2025-10-08,,Y,2026-02-05 17:51:36.478415,MDM_PRODUCT
IPD202501-128-SPA,JP,2025-10-14,,Y,2026-02-05 17:51:36.478419,MDM_PRODUCT
IPD202501-128-SPA,IN,2025-10-21,,Y,2026-02-05 17:51:36.478423,MDM_PRODUCT
IPD202501-128-SPA,UK,2025-10-11,,Y,2026-02-05 17:51:36.478427,MDM_PRODUCT
IPD202501-128-SPA,CA,2025-10-14,,Y,2026-02-05 17:51:36.478431,MDM_PRODUCT
IPD202501-128-SPA,AU,2025-10-08,,Y,2026-02-05 17:51:36.478435,MDM_PRODUCT
IPD202501-256-BLA,US,2025-10-07,,Y,2026-02-05 17:51:36.478454,MDM_PRODUCT
IPD202501-256-BLA,DE,2025-10-14,,Y,2026-02-05 17:51:36.478458,MDM_PRODUCT
IPD202501-256-BLA,JP,2025-10-13,,Y,2026-02-05 17:51:36.478462,MDM_PRODUCT
IPD202501-256-BLA,IN,2025-10-17,,Y,2026-02-05 17:51:36.478466,MDM_PRODUCT
IPD202501-256-BLA,UK,2025-10-10,,Y,2026-02-05 17:51:36.478469,MDM_PRODUCT
IPD202501-256-BLA,CA,2025-10-12,,Y,2026-02-05 17:51:36.478473,MDM_PRODUCT
IPD202501-256-BLA,AU,2025-10-09,,Y,2026-02-05 17:51:36.478477,MDM_PRODUCT
IPD202501-256-SIL,US,2025-10-07,,Y,2026-02-05 17:51:36.478496,MDM_PRODUCT
IPD202501-256-SIL,DE,2025-10-11,,Y,2026-02-05 17:51:36.478500,MDM_PRODUCT
IPD202501-256-SIL,JP,2025-10-14,,Y,2026-02-05 17:51:36.478504,MDM_PRODUCT
IPD202501-256-SIL,IN,2025-10-15,,Y,2026-02-05 17:51:36.478508,MDM_PRODUCT
IPD202501-256-SIL,UK,2025-10-08,,Y,2026-02-05 17:51:36.478512,MDM_PRODUCT
IPD202501-256-SIL,CA,2025-10-13,,Y,2026-02-05 17:51:36.478516,MDM_PRODUCT
IPD202501-256-SIL,AU,2025-10-11,,Y,2026-02-05 17:51:36.478519,MDM_PRODUCT
IPD202501-256-BLU,US,2025-10-07,,Y,2026-02-05 17:51:36.478539,MDM_PRODUCT
IPD202501-256-BLU,DE,2025-10-08,,Y,2026-02-05 17:51:36.478543,MDM_PRODUCT
IPD202501-256-BLU,JP,2025-10-09,,Y,2026-02-05 17:51:36.478547,MDM_PRODUCT
IPD202501-256-BLU,IN,2025-10-17,,Y,2026-02-05 17:51:36.478550,MDM_PRODUCT
IPD202501-256-BLU,UK,2025-10-13,,Y,2026-02-05 17:51:36.478554,MDM_PRODUCT
IPD202501-256-BLU,CA,2025-10-12,,Y,2026-02-05 17:51:36.478559,MDM_PRODUCT
IPD202501-256-BLU,AU,2025-10-12,,Y,2026-02-05 17:51:36.478563,MDM_PRODUCT
IPD202501-256-GOL,US,2025-10-07,,Y,2026-02-05 17:51:36.478583,MDM_PRODUCT
IPD202501-256-GOL,DE,2025-10-14,,Y,2026-02-05 17:51:36.478587,MDM_PRODUCT
IPD202501-256-GOL,JP,2025-10-14,,Y,2026-02-05 17:51:36.478591,MDM_PRODUCT
IPD202501-256-GOL,IN,2025-10-16,,Y,2026-02-05 17:51:36.478595,MDM_PRODUCT
IPD202501-256-GOL,UK,2025-10-14,,Y,2026-02-05 17:51:36.478598,MDM_PRODUCT
IPD202501-256-GOL,CA,2025-10-14,,Y,2026-02-05 17:51:36.478602,MDM_PRODUCT
IPD202501-256-GOL,AU,2025-10-10,,Y,2026-02-05 17:51:36.478606,MDM_PRODUCT
IPD202501-256-SPA,US,2025-10-07,,Y,2026-02-05 17:51:36.478628,MDM_PRODUCT
IPD202501-256-SPA,DE,2025-10-11,,Y,2026-02-05 17:51:36.478632,MDM_PRODUCT
IPD202501-256-SPA,JP,2025-10-11,,Y,2026-02-05 17:51:36.478636,MDM_PRODUCT
IPD202501-256-SPA,IN,2025-10-21,,Y,2026-02-05 17:51:36.478640,MDM_PRODUCT
IPD202501-256-SPA,UK,2025-10-10,,Y,2026-02-05 17:51:36.478643,MDM_PRODUCT
IPD202501-256-SPA,CA,2025-10-08,,Y,2026-02-05 17:51:36.478647,MDM_PRODUCT
IPD202501-256-SPA,AU,2025-10-14,,Y,2026-02-05 17:51:36.478651,MDM_PRODUCT
IPD202501-512-BLA,US,2025-10-07,,Y,2026-02-05 17:51:36.478671,MDM_PRODUCT
IPD202501-512-BLA,DE,2025-10-09,,Y,2026-02-05 17:51:36.478675,MDM_PRODUCT
IPD202501-512-BLA,JP,2025-10-12,,Y,2026-02-05 17:51:36.478678,MDM_PRODUCT
IPD202501-512-BLA,IN,2025-10-14,,Y,2026-02-05 17:51:36.478682,MDM_PRODUCT
IPD202501-512-BLA,UK,2025-10-13,,Y,2026-02-05 17:51:36.478686,MDM_PRODUCT
IPD202501-512-BLA,CA,2025-10-12,,Y,2026-02-05 17:51:36.478689,MDM_PRODUCT
IPD202501-512-BLA,AU,2025-10-12,,Y,2026-02-05 17:51:36.478693,MDM_PRODUCT
IPD202501-512-SIL,US,2025-10-07,,Y,2026-02-05 17:51:36.478715,MDM_PRODUCT
IPD202501-512-SIL,DE,2025-10-12,,Y,2026-02-05 17:51:36.478720,MDM_PRODUCT
IPD202501-512-SIL,JP,2025-10-10,,Y,2026-02-05 17:51:36.478723,MDM_PRODUCT
IPD202501-512-SIL,IN,2025-10-18,,Y,2026-02-05 17:51:36.478727,MDM_PRODUCT
IPD202501-512-SIL,UK,2025-10-09,,Y,2026-02-05 17:51:36.478731,MDM_PRODUCT
IPD202501-512-SIL,CA,2025-10-08,,Y,2026-02-05 17:51:36.478735,MDM_PRODUCT
IPD202501-512-SIL,AU,2025-10-14,,Y,2026-02-05 17:51:36.478738,MDM_PRODUCT
IPD202501-512-BLU,US,2025-10-07,,Y,2026-02-05 17:51:36.478758,MDM_PRODUCT
IPD202501-512-BLU,DE,2025-10-12,,Y,2026-02-05 17:51:36.478762,MDM_PRODUCT
IPD202501-512-BLU,JP,2025-10-10,,Y,2026-02-05 17:51:36.478766,MDM_PRODUCT
IPD202501-512-BLU,IN,2025-10-19,,Y,2026-02-05 17:51:36.478770,MDM_PRODUCT
IPD202501-512-BLU,UK,2025-10-08,,Y,2026-02-05 17:51:36.478773,MDM_PRODUCT
IPD202501-512-BLU,CA,2025-10-11,,Y,2026-02-05 17:51:36.478777,MDM_PRODUCT
IPD202501-512-BLU,AU,2025-10-12,,Y,2026-02-05 17:51:36.478781,MDM_PRODUCT
IPD202501-512-GOL,US,2025-10-07,,Y,2026-02-05 17:51:36.478803,MDM_PRODUCT
IPD202501-512-GOL,DE,2025-10-12,,Y,2026-02-05 17:51:36.478807,MDM_PRODUCT
IPD202501-512-GOL,JP,2025-10-14,,Y,2026-02-05 17:51:36.478811,MDM_PRODUCT
IPD202501-512-GOL,IN,2025-10-15,,Y,2026-02-05 17:51:36.478815,MDM_PRODUCT
IPD202501-512-GOL,UK,2025-10-13,,Y,2026-02-05 17:51:36.478819,MDM_PRODUCT
IPD202501-512-GOL,CA,2025-10-08,,Y,2026-02-05 17:51:36.478823,MDM_PRODUCT
IPD202501-512-GOL,AU,2025-10-08,,Y,2026-02-05 17:51:36.478826,MDM_PRODUCT
IPD202501-512-SPA,US,2025-10-07,,Y,2026-02-05 17:51:36.478846,MDM_PRODUCT
IPD202501-512-SPA,DE,2025-10-13,,Y,2026-02-05 17:51:36.478850,MDM_PRODUCT
IPD202501-512-SPA,JP,2025-10-12,,Y,2026-02-05 17:51:36.478854,MDM_PRODUCT
IPD202501-512-SPA,IN,2025-10-21,,Y,2026-02-05 17:51:36.478857,MDM_PRODUCT
IPD202501-512-SPA,UK,2025-10-14,,Y,2026-02-05 17:51:36.478861,MDM_PRODUCT
IPD202501-512-SPA,CA,2025-10-12,,Y,2026-02-05 17:51:36.478865,MDM_PRODUCT
IPD202501-512-SPA,AU,2025-10-12,,Y,2026-02-05 17:51:36.478868,MDM_PRODUCT
MAC202501-128-BLA,US,2025-03-08,,Y,2026-02-05 17:51:36.478888,MDM_PRODUCT
MAC202501-128-BLA,DE,2025-03-13,,Y,2026-02-05 17:51:36.478892,MDM_PRODUCT
MAC202501-128-BLA,JP,2025-03-13,,Y,2026-02-05 17:51:36.478895,MDM_PRODUCT
MAC202501-128-BLA,IN,2025-03-19,,Y,2026-02-05 17:51:36.478899,MDM_PRODUCT
MAC202501-128-BLA,UK,2025-03-15,,Y,2026-02-05 17:51:36.478903,MDM_PRODUCT
MAC202501-128-BLA,CA,2025-03-15,,Y,2026-02-05 17:51:36.478906,MDM_PRODUCT
MAC202501-128-BLA,AU,2025-03-10,,Y,2026-02-05 17:51:36.478910,MDM_PRODUCT
MAC202501-128-SIL,US,2025-03-08,,Y,2026-02-05 17:51:36.478929,MDM_PRODUCT
MAC202501-128-SIL,DE,2025-03-14,,Y,2026-02-05 17:51:36.478933,MDM_PRODUCT
MAC202501-128-SIL,JP,2025-03-10,,Y,2026-02-05 17:51:36.478937,MDM_PRODUCT
MAC202501-128-SIL,IN,2025-03-15,,Y,2026-02-05 17:51:36.478941,MDM_PRODUCT
MAC202501-128-SIL,UK,2025-03-09,,Y,2026-02-05 17:51:36.478944,MDM_PRODUCT
MAC202501-128-SIL,CA,2025-03-09,,Y,2026-02-05 17:51:36.478948,MDM_PRODUCT
MAC202501-128-SIL,AU,2025-03-09,,Y,2026-02-05 17:51:36.478952,MDM_PRODUCT
MAC202501-128-BLU,US,2025-03-08,,Y,2026-02-05 17:51:36.478971,MDM_PRODUCT
MAC202501-128-BLU,DE,2025-03-15,,Y,2026-02-05 17:51:36.478975,MDM_PRODUCT
MAC202501-128-BLU,JP,2025-03-09,,Y,2026-02-05 17:51:36.478979,MDM_PRODUCT
MAC202501-128-BLU,IN,2025-03-17,,Y,2026-02-05 17:51:36.478983,MDM_PRODUCT
MAC202501-128-BLU,UK,2025-03-11,,Y,2026-02-05 17:51:36.478986,MDM_PRODUCT
MAC202501-128-BLU,CA,2025-03-09,,Y,2026-02-05 17:51:36.478990,MDM_PRODUCT
MAC202501-128-BLU,AU,2025-03-13,,Y,2026-02-05 17:51:36.478994,MDM_PRODUCT
MAC202501-128-GOL,US,2025-03-08,,Y,2026-02-05 17:51:36.479013,MDM_PRODUCT
MAC202501-128-GOL,DE,2025-03-14,,Y,2026-02-05 17:51:36.479017,MDM_PRODUCT
MAC202501-128-GOL,JP,2025-03-14,,Y,2026-02-05 17:51:36.479021,MDM_PRODUCT
MAC202501-128-GOL,IN,2025-03-22,,Y,2026-02-05 17:51:36.479025,MDM_PRODUCT
MAC202501-128-GOL,UK,2025-03-14,,Y,2026-02-05 17:51:36.479028,MDM_PRODUCT
MAC202501-128-GOL,CA,2025-03-12,,Y,2026-02-05 17:51:36.479032,MDM_PRODUCT
MAC202501-128-GOL,AU,2025-03-13,,Y,2026-02-05 17:51:36.479037,MDM_PRODUCT
MAC202501-128-SPA,US,2025-03-08,,Y,2026-02-05 17:51:36.479057,MDM_PRODUCT
MAC202501-128-SPA,DE,2025-03-11,,Y,2026-02-05 17:51:36.479061,MDM_PRODUCT
MAC202501-128-SPA,JP,2025-03-10,,Y,2026-02-05 17:51:36.479065,MDM_PRODUCT
MAC202501-128-SPA,IN,2025-03-20,,Y,2026-02-05 17:51:36.479068,MDM_PRODUCT
MAC202501-128-SPA,UK,2025-03-14,,Y,2026-02-05 17:51:36.479072,MDM_PRODUCT
MAC202501-128-SPA,CA,2025-03-09,,Y,2026-02-05 17:51:36.479076,MDM_PRODUCT
MAC202501-128-SPA,AU,2025-03-13,,Y,2026-02-05 17:51:36.479080,MDM_PRODUCT
MAC202501-256-BLA,US,2025-03-08,,Y,2026-02-05 17:51:36.479101,MDM_PRODUCT
MAC202501-256-BLA,DE,2025-03-15,,Y,2026-02-05 17:51:36.479106,MDM_PRODUCT
MAC202501-256-BLA,JP,2025-03-09,,Y,2026-02-05 17:51:36.479110,MDM_PRODUCT
MAC202501-256-BLA,IN,2025-03-15,,Y,2026-02-05 17:51:36.479114,MDM_PRODUCT
MAC202501-256-BLA,UK,2025-03-11,,Y,2026-02-05 17:51:36.479118,MDM_PRODUCT
MAC202501-256-BLA,CA,2025-03-10,,Y,2026-02-05 17:51:36.479121,MDM_PRODUCT
MAC202501-256-BLA,AU,2025-03-13,,Y,2026-02-05 17:51:36.479125,MDM_PRODUCT
MAC202501-256-SIL,US,2025-03-08,,Y,2026-02-05 17:51:36.479146,MDM_PRODUCT
MAC202501-256-SIL,DE,2025-03-12,,Y,2026-02-05 17:51:36.479151,MDM_PRODUCT
MAC202501-256-SIL,JP,2025-03-12,,Y,2026-02-05 17:51:36.479155,MDM_PRODUCT
MAC202501-256-SIL,IN,2025-03-17,,Y,2026-02-05 17:51:36.479159,MDM_PRODUCT
MAC202501-256-SIL,UK,2025-03-13,,Y,2026-02-05 17:51:36.479163,MDM_PRODUCT
MAC202501-256-SIL,CA,2025-03-09,,Y,2026-02-05 17:51:36.479167,MDM_PRODUCT
MAC202501-256-SIL,AU,2025-03-15,,Y,2026-02-05 17:51:36.479171,MDM_PRODUCT
MAC202501-256-BLU,US,2025-03-08,,Y,2026-02-05 17:51:36.479191,MDM_PRODUCT
MAC202501-256-BLU,DE,2025-03-10,,Y,2026-02-05 17:51:36.479196,MDM_PRODUCT
MAC202501-256-BLU,JP,2025-03-11,,Y,2026-02-05 17:51:36.479200,MDM_PRODUCT
MAC202501-256-BLU,IN,2025-03-16,,Y,2026-02-05 17:51:36.479204,MDM_PRODUCT
MAC202501-256-BLU,UK,2025-03-13,,Y,2026-02-05 17:51:36.479208,MDM_PRODUCT
MAC202501-256-BLU,CA,2025-03-12,,Y,2026-02-05 17:51:36.479212,MDM_PRODUCT
MAC202501-256-BLU,AU,2025-03-09,,Y,2026-02-05 17:51:36.479216,MDM_PRODUCT
MAC202501-256-GOL,US,2025-03-08,,Y,2026-02-05 17:51:36.479236,MDM_PRODUCT
MAC202501-256-GOL,DE,2025-03-13,,Y,2026-02-05 17:51:36.479240,MDM_PRODUCT
MAC202501-256-GOL,JP,2025-03-13,,Y,2026-02-05 17:51:36.479244,MDM_PRODUCT
MAC202501-256-GOL,IN,2025-03-21,,Y,2026-02-05 17:51:36.479248,MDM_PRODUCT
MAC202501-256-GOL,UK,2025-03-11,,Y,2026-02-05 17:51:36.479252,MDM_PRODUCT
MAC202501-256-GOL,CA,2025-03-10,,Y,2026-02-05 17:51:36.479256,MDM_PRODUCT
MAC202501-256-GOL,AU,2025-03-14,,Y,2026-02-05 17:51:36.479260,MDM_PRODUCT
MAC202501-256-SPA,US,2025-03-08,,Y,2026-02-05 17:51:36.479280,MDM_PRODUCT
MAC202501-256-SPA,DE,2025-03-14,,Y,2026-02-05 17:51:36.479285,MDM_PRODUCT
MAC202501-256-SPA,JP,2025-03-11,,Y,2026-02-05 17:51:36.479289,MDM_PRODUCT
MAC202501-256-SPA,IN,2025-03-21,,Y,2026-02-05 17:51:36.479293,MDM_PRODUCT
MAC202501-256-SPA,UK,2025-03-13,,Y,2026-02-05 17:51:36.479297,MDM_PRODUCT
MAC202501-256-SPA,CA,2025-03-12,,Y,2026-02-05 17:51:36.479301,MDM_PRODUCT
MAC202501-256-SPA,AU,2025-03-09,,Y,2026-02-05 17:51:36.479305,MDM_PRODUCT
MAC202501-512-BLA,US,2025-03-08,,Y,2026-02-05 17:51:36.479325,MDM_PRODUCT
MAC202501-512-BLA,DE,2025-03-10,,Y,2026-02-05 17:51:36.479329,MDM_PRODUCT
MAC202501-512-BLA,JP,2025-03-10,,Y,2026-02-05 17:51:36.479333,MDM_PRODUCT
MAC202501-512-BLA,IN,2025-03-19,,Y,2026-02-05 17:51:36.479337,MDM_PRODUCT
MAC202501-512-BLA,UK,2025-03-14,,Y,2026-02-05 17:51:36.479341,MDM_PRODUCT
MAC202501-512-BLA,CA,2025-03-13,,Y,2026-02-05 17:51:36.479345,MDM_PRODUCT
MAC202501-512-BLA,AU,2025-03-13,,Y,2026-02-05 17:51:36.479349,MDM_PRODUCT
MAC202501-512-SIL,US,2025-03-08,,Y,2026-02-05 17:51:36.479371,MDM_PRODUCT
MAC202501-512-SIL,DE,2025-03-14,,Y,2026-02-05 17:51:36.479376,MDM_PRODUCT
MAC202501-512-SIL,JP,2025-03-13,,Y,2026-02-05 17:51:36.479380,MDM_PRODUCT
MAC202501-512-SIL,IN,2025-03-15,,Y,2026-02-05 17:51:36.479384,MDM_PRODUCT
MAC202501-512-SIL,UK,2025-03-15,,Y,2026-02-05 17:51:36.479388,MDM_PRODUCT
MAC202501-512-SIL,CA,2025-03-10,,Y,2026-02-05 17:51:36.479392,MDM_PRODUCT
MAC202501-512-SIL,AU,2025-03-12,,Y,2026-02-05 17:51:36.479396,MDM_PRODUCT
MAC202501-512-BLU,US,2025-03-08,,Y,2026-02-05 17:51:36.479416,MDM_PRODUCT
MAC202501-512-BLU,DE,2025-03-13,,Y,2026-02-05 17:51:36.479421,MDM_PRODUCT
MAC202501-512-BLU,JP,2025-03-13,,Y,2026-02-05 17:51:36.479425,MDM_PRODUCT
MAC202501-512-BLU,IN,2025-03-15,,Y,2026-02-05 17:51:36.479429,MDM_PRODUCT
MAC202501-512-BLU,UK,2025-03-11,,Y,2026-02-05 17:51:36.479432,MDM_PRODUCT
MAC202501-512-BLU,CA,2025-03-10,,Y,2026-02-05 17:51:36.479436,MDM_PRODUCT
MAC202501-512-BLU,AU,2025-03-09,,Y,2026-02-05 17:51:36.479440,MDM_PRODUCT
MAC202501-512-GOL,US,2025-03-08,,Y,2026-02-05 17:51:36.479461,MDM_PRODUCT
MAC202501-512-GOL,DE,2025-03-12,,Y,2026-02-05 17:51:36.479465,MDM_PRODUCT
MAC202501-512-GOL,JP,2025-03-10,,Y,2026-02-05 17:51:36.479469,MDM_PRODUCT
MAC202501-512-GOL,IN,2025-03-18,,Y,2026-02-05 17:51:36.479473,MDM_PRODUCT
MAC202501-512-GOL,UK,2025-03-12,,Y,2026-02-05 17:51:36.479477,MDM_PRODUCT
MAC202501-512-GOL,CA,2025-03-15,,Y,2026-02-05 17:51:36.479481,MDM_PRODUCT
MAC202501-512-GOL,AU,2025-03-09,,Y,2026-02-05 17:51:36.479485,MDM_PRODUCT
MAC202501-512-SPA,US,2025-03-08,,Y,2026-02-05 17:51:36.479505,MDM_PRODUCT
MAC202501-512-SPA,DE,2025-03-09,,Y,2026-02-05 17:51:36.479512,MDM_PRODUCT
MAC202501-512-SPA,JP,2025-03-14,,Y,2026-02-05 17:51:36.479516,MDM_PRODUCT
MAC202501-512-SPA,IN,2025-03-22,,Y,2026-02-05 17:51:36.479520,MDM_PRODUCT
MAC202501-512-SPA,UK,2025-03-10,,Y,2026-02-05 17:51:36.479524,MDM_PRODUCT
MAC202501-512-SPA,CA,2025-03-12,,Y,2026-02-05 17:51:36.479528,MDM_PRODUCT
MAC202501-512-SPA,AU,2025-03-11,,Y,2026-02-05 17:51:36.479532,MDM_PRODUCT
WCH202501-41mm,US,2025-09-14,,Y,2026-02-05 17:51:36.479554,MDM_PRODUCT
WCH202501-41mm,DE,2025-09-20,,Y,2026-02-05 17:51:36.479559,MDM_PRODUCT
WCH202501-41mm,JP,2025-09-17,,Y,2026-02-05 17:51:36.479562,MDM_PRODUCT
WCH202501-41mm,IN,2025-09-25,,Y,2026-02-05 17:51:36.479566,MDM_PRODUCT
WCH202501-41mm,UK,2025-09-16,,Y,2026-02-05 17:51:36.479570,MDM_PRODUCT
WCH202501-41mm,CA,2025-09-16,,Y,2026-02-05 17:51:36.479573,MDM_PRODUCT
WCH202501-41mm,AU,2025-09-17,,Y,2026-02-05 17:51:36.479577,MDM_PRODUCT
WCH202501-45mm,US,2025-09-14,,Y,2026-02-05 17:51:36.479596,MDM_PRODUCT
WCH202501-45mm,DE,2025-09-15,,Y,2026-02-05 17:51:36.479600,MDM_PRODUCT
WCH202501-45mm,JP,2025-09-17,,Y,2026-02-05 17:51:36.479604,MDM_PRODUCT
WCH202501-45mm,IN,2025-09-21,,Y,2026-02-05 17:51:36.479608,MDM_PRODUCT
WCH202501-45mm,UK,2025-09-15,,Y,2026-02-05 17:51:36.479611,MDM_PRODUCT
WCH202501-45mm,CA,2025-09-16,,Y,2026-02-05 17:51:36.479615,MDM_PRODUCT
WCH202501-45mm,AU,2025-09-15,,Y,2026-02-05 17:51:36.479619,MDM_PRODUCT
AIR202501-STD,US,2025-09-20,,Y,2026-02-05 17:51:36.479638,MDM_PRODUCT
AIR202501-STD,DE,2025-09-25,,Y,2026-02-05 17:51:36.479642,MDM_PRODUCT
AIR202501-STD,JP,2025-09-27,,Y,2026-02-05 17:51:36.479646,MDM_PRODUCT
AIR202501-STD,IN,2025-10-03,,Y,2026-02-05 17:51:36.479649,MDM_PRODUCT
AIR202501-STD,UK,2025-09-25,,Y,2026-02-05 17:51:36.479653,MDM_PRODUCT
AIR202501-STD,CA,2025-09-23,,Y,2026-02-05 17:51:36.479656,MDM_PRODUCT
AIR202501-STD,AU,2025-09-21,,Y,2026-02-05 17:51:36.479660,MDM_PRODUCT
TV202501-STD,US,2025-10-06,,Y,2026-02-05 17:51:36.479679,MDM_PRODUCT
TV202501-STD,DE,2025-10-08,,Y,2026-02-05 17:51:36.479683,MDM_PRODUCT
TV202501-STD,JP,2025-10-08,,Y,2026-02-05 17:51:36.479687,MDM_PRODUCT
TV202501-STD,IN,2025-10-17,,Y,2026-02-05 17:51:36.479691,MDM_PRODUCT
TV202501-STD,UK,2025-10-10,,Y,2026-02-05 17:51:36.479694,MDM_PRODUCT
TV202501-STD,CA,2025-10-08,,Y,2026-02-05 17:51:36.479698,MDM_PRODUCT
TV202501-STD,AU,2025-10-11,,Y,2026-02-05 17:51:36.479702,MDM_PRODUCT
HMP202501-STD,US,2025-01-16,,Y,2026-02-05 17:51:36.479721,MDM_PRODUCT
HMP202501-STD,DE,2025-01-19,,Y,2026-02-05 17:51:36.479725,MDM_PRODUCT
HMP202501-STD,JP,2025-01-17,,Y,2026-02-05 17:51:36.479728,MDM_PRODUCT
HMP202501-STD,IN,2025-01-24,,Y,2026-02-05 17:51:36.479732,MDM_PRODUCT
HMP202501-STD,UK,2025-01-22,,Y,2026-02-05 17:51:36.479736,MDM_PRODUCT
HMP202501-STD,CA,2025-01-22,,Y,2026-02-05 17:51:36.479740,MDM_PRODUCT
HMP202501-STD,AU,2025-01-17,,Y,2026-02-05 17:51:36.479743,MDM_PRODUCT
DSP202501-27inch,US,2025-03-15,,Y,2026-02-05 17:51:36.479762,MDM_PRODUCT
DSP202501-27inch,DE,2025-03-21,,Y,2026-02-05 17:51:36.479767,MDM_PRODUCT
DSP202501-27inch,JP,2025-03-17,,Y,2026-02-05 17:51:36.479770,MDM_PRODUCT
DSP202501-27inch,IN,2025-03-24,,Y,2026-02-05 17:51:36.479774,MDM_PRODUCT
DSP202501-27inch,UK,2025-03-22,,Y,2026-02-05 17:51:36.479778,MDM_PRODUCT
DSP202501-27inch,CA,2025-03-17,,Y,2026-02-05 17:51:36.479782,MDM_PRODUCT
DSP202501-27inch,AU,2025-03-17,,Y,2026-02-05 17:51:36.479785,MDM_PRODUCT
DSP202501-32inch,US,2025-03-15,,Y,2026-02-05 17:51:36.479804,MDM_PRODUCT
DSP202501-32inch,DE,2025-03-17,,Y,2026-02-05 17:51:36.479809,MDM_PRODUCT
DSP202501-32inch,JP,2025-03-22,,Y,2026-02-05 17:51:36.479812,MDM_PRODUCT
DSP202501-32inch,IN,2025-03-28,,Y,2026-02-05 17:51:36.479816,MDM_PRODUCT
DSP202501-32inch,UK,2025-03-18,,Y,2026-02-05 17:51:36.479820,MDM_PRODUCT
DSP202501-32inch,CA,2025-03-22,,Y,2026-02-05 17:51:36.479823,MDM_PRODUCT
DSP202501-32inch,AU,2025-03-22,,Y,2026-02-05 17:51:36.479827,MDM_PRODUCT
ACC202501-STD,US,2025-06-07,,Y,2026-02-05 17:51:36.479846,MDM_PRODUCT
ACC202501-STD,DE,2025-06-08,,Y,2026-02-05 17:51:36.479851,MDM_PRODUCT
ACC202501-STD,JP,2025-06-11,,Y,2026-02-05 17:51:36.479854,MDM_PRODUCT
ACC202501-STD,IN,2025-06-18,,Y,2026-02-05 17:51:36.479858,MDM_PRODUCT
ACC202501-STD,UK,2025-06-10,,Y,2026-02-05 17:51:36.479862,MDM_PRODUCT
ACC202501-STD,CA,2025-06-14,,Y,2026-02-05 17:51:36.479866,MDM_PRODUCT
ACC202501-STD,AU,2025-06-12,,Y,2026-02-05 17:51:36.479869,MDM_PRODUCT
