model_code,model_name,family_code,launch_date,discontinue_date,lifecycle_status,is_active,created_at,source_system
IPH202501,iPhone 2025,IPH2025,2025-09-12,,ACTIVE,Y,2026-02-05 17:51:36.475420,PLM_CORE
IPD202501,iPad 2025,IPD2025,2025-10-07,,ACTIVE,Y,2026-02-05 17:51:36.475447,PLM_CORE
MAC202501,Mac 2025,MAC2025,2025-03-08,,ACTIVE,Y,2026-02-05 17:51:36.475465,PLM_CORE
WCH202501,Apple Watch 2025,WCH2025,2025-09-14,,ACTIVE,Y,2026-02-05 17:51:36.475484,PLM_CORE
AIR202501,AirPods 2025,AIR2025,2025-09-20,,ACTIVE,Y,2026-02-05 17:51:36.475488,PLM_CORE
TV202501,Apple TV 2025,TV2025,2025-10-06,,ACTIVE,Y,2026-02-05 17:51:36.475492,PLM_CORE
HMP202501,HomePod 2025,HMP2025,2025-01-16,,ACTIVE,Y,2026-02-05 17:51:36.475495,PLM_CORE
DSP202501,Displays 2025,DSP2025,2025-03-15,,ACTIVE,Y,2026-02-05 17:51:36.475498,PLM_CORE
ACC202501,Accessories 2025,ACC2025,2025-06-07,,ACTIVE,Y,2026-02-05 17:51:36.475503,PLM_CORE
